<?xml version="1.0" encoding="UTF-8"?>
<project-private xmlns="http://www.netbeans.org/ns/project-private/1">
    <editor-bookmarks xmlns="http://www.netbeans.org/ns/editor-bookmarks/2" lastBookmarkId="0"/>
    <open-files xmlns="http://www.netbeans.org/ns/projectui-open-files/2">
        <group>
            <file>file:/C:/Users/Diurno/Desktop/Practica61/src/practica61/Android.java</file>
            <file>file:/C:/Users/Diurno/Desktop/Practica61/src/practica61/Gps.java</file>
            <file>file:/C:/Users/Diurno/Desktop/Practica61/src/practica61/Practica61.java</file>
            <file>file:/C:/Users/Diurno/Desktop/Practica61/src/practica61/Pijiphone.java</file>
            <file>file:/C:/Users/Diurno/Desktop/Practica61/src/practica61/Linterna.java</file>
            <file>file:/C:/Users/Diurno/Desktop/Practica61/src/practica61/Telefono.java</file>
        </group>
    </open-files>
</project-private>
